<?xml version="1.0"?>
<hap_storage_info>
  <size/>
  <version>0</version>
  <storage_type>2</storage_type>
  <storage_odbc>
	 <dsn>empty</dsn>
	 <user_name>guys</user_name>
	 <password>guys</password>
	 <reserved/>
  </storage_odbc>
  <storage_rdbms>
	 <version>0</version>
	 <rdbms_address>localhost</rdbms_address>
	 <rdbms_port>3306</rdbms_port>
	 <rdbms_name>hsp</rdbms_name>
	 <rdbms_username>guys</rdbms_username>
	 <rdbms_password>guys</rdbms_password>
	 <reserved/>
  </storage_rdbms>
</hap_storage_info>

