<?xml version="1.0" encoding="UTF-8"?>
<upgrade>
  <timestamp>1365791052</timestamp>
  <upgrade_procs>
    <upgrade_proc>
      <version>120.0.180.5301</version>
      <name>Tmp1805301</name>
    </upgrade_proc>
    <upgrade_proc>
      <version>120.0.157.6083</version>
      <name>Tmp1576083</name>
    </upgrade_proc>
    <upgrade_proc>
      <version>120.0.172.5784</version>
      <name>Tmp1725784</name>
    </upgrade_proc>
    <upgrade_proc>
      <version>120.0.176.0111</version>
      <name>Tmp1760111</name>
    </upgrade_proc>
    <upgrade_proc>
      <version>120.0.1111.7643</version>
      <name>Tmp11117643</name>
    </upgrade_proc>
    <upgrade_proc>
      <version>120.0.172.5806</version>
      <name>Tmp1725806</name>
    </upgrade_proc>
    <upgrade_proc>
      <version>120.0.1137.5061</version>
      <name>Tmp11375061</name>
    </upgrade_proc>
  </upgrade_procs>
</upgrade>